restaurantId,Avg_Rate,Avg_Sentiment_Score,Avg_Combined_Score,Positive_Count,Negative_Count,Neutral_Count,Total_Reviews,Positive_Rate,Negative_Rate,Neutral_Rate,Final_Score,Final_Score_Normalized,Category
67812ec1514dba6089ed92c4,10.0,10.0,10.0,8,0,0,8,1.0,0.0,0.0,12.0,10.0,Positive
67812ec1514dba6089ed9373,10.0,10.0,10.0,1,0,0,1,1.0,0.0,0.0,12.0,10.0,Positive
67812ec1514dba6089ed92e8,10.0,10.0,10.0,1,0,0,1,1.0,0.0,0.0,12.0,10.0,Positive
67812ec1514dba6089ed93ac,10.0,10.0,10.0,1,0,0,1,1.0,0.0,0.0,12.0,10.0,Positive
67812ec1514dba6089ed92f4,10.0,10.0,10.0,1,0,0,1,1.0,0.0,0.0,12.0,10.0,Positive
67812ec1514dba6089ed9389,10.0,10.0,10.0,1,0,0,1,1.0,0.0,0.0,12.0,10.0,Positive
67812ec1514dba6089ed930c,10.0,10.0,10.0,1,0,0,1,1.0,0.0,0.0,12.0,10.0,Positive
67812ec1514dba6089ed930e,10.0,10.0,10.0,5,0,0,5,1.0,0.0,0.0,12.0,10.0,Positive
67812ec1514dba6089ed93b0,10.0,10.0,10.0,1,0,0,1,1.0,0.0,0.0,12.0,10.0,Positive
67812ec1514dba6089ed92f3,10.0,10.0,10.0,3,0,0,3,1.0,0.0,0.0,12.0,10.0,Positive
67812ec1514dba6089ed9434,10.0,10.0,10.0,1,0,0,1,1.0,0.0,0.0,12.0,10.0,Positive
67812ec1514dba6089ed9441,10.0,10.0,10.0,1,0,0,1,1.0,0.0,0.0,12.0,10.0,Positive
67812ec1514dba6089ed9405,10.0,10.0,10.0,1,0,0,1,1.0,0.0,0.0,12.0,10.0,Positive
67812ec1514dba6089ed9406,10.0,10.0,10.0,1,0,0,1,1.0,0.0,0.0,12.0,10.0,Positive
67812ec1514dba6089ed9413,10.0,10.0,10.0,1,0,0,1,1.0,0.0,0.0,12.0,10.0,Positive
67812ec1514dba6089ed940b,10.0,10.0,10.0,7,0,0,7,1.0,0.0,0.0,12.0,10.0,Positive
67812ec1514dba6089ed93e7,10.0,10.0,10.0,1,0,0,1,1.0,0.0,0.0,12.0,10.0,Positive
67812ec1514dba6089ed93d5,10.0,10.0,10.0,1,0,0,1,1.0,0.0,0.0,12.0,10.0,Positive
67812ec1514dba6089ed93ca,10.0,10.0,10.0,1,0,0,1,1.0,0.0,0.0,12.0,10.0,Positive
67812ec1514dba6089ed93d0,10.0,10.0,10.0,4,0,0,4,1.0,0.0,0.0,12.0,10.0,Positive
67812ec1514dba6089ed9319,10.0,10.0,10.0,1,0,0,1,1.0,0.0,0.0,12.0,10.0,Positive
67812ec1514dba6089ed947d,10.0,10.0,10.0,1,0,0,1,1.0,0.0,0.0,12.0,10.0,Positive
67812ec1514dba6089ed93e2,10.0,10.0,10.0,1,0,0,1,1.0,0.0,0.0,12.0,10.0,Positive
67812ec1514dba6089ed9334,10.0,10.0,10.0,2,0,0,2,1.0,0.0,0.0,12.0,10.0,Positive
67812ec1514dba6089ed92cd,10.0,10.0,10.0,10,0,0,10,1.0,0.0,0.0,12.0,10.0,Positive
67812ec1514dba6089ed92e7,10.0,10.0,10.0,1,0,0,1,1.0,0.0,0.0,12.0,10.0,Positive
67812ec1514dba6089ed938f,9.9,10.0,9.95,2,0,0,2,1.0,0.0,0.0,11.95,9.965384615384615,Positive
67812ec1514dba6089ed937f,9.9,10.0,9.95,30,0,0,30,1.0,0.0,0.0,11.95,9.965384615384615,Positive
67812ec1514dba6089ed9424,9.826666666666666,10.0,9.913333333333334,30,0,0,30,1.0,0.0,0.0,11.913333333333334,9.94,Positive
67812ec1514dba6089ed9384,9.8,10.0,9.9,1,0,0,1,1.0,0.0,0.0,11.9,9.930769230769231,Positive
67812ec1514dba6089ed946c,9.8,10.0,9.9,2,0,0,2,1.0,0.0,0.0,11.9,9.930769230769231,Positive
67812ec1514dba6089ed93f4,9.973333333333333,9.85,9.911666666666667,29,0,1,30,0.9666666666666667,0.0,0.03333333333333333,11.878333333333334,9.91576923076923,Positive
67812ec1514dba6089ed934f,9.733333333333333,10.0,9.866666666666667,3,0,0,3,1.0,0.0,0.0,11.866666666666667,9.907692307692308,Positive
67812ec1514dba6089ed92cf,9.6,10.0,9.8,1,0,0,1,1.0,0.0,0.0,11.8,9.861538461538462,Positive
67812ec1514dba6089ed92d6,9.6,10.0,9.8,1,0,0,1,1.0,0.0,0.0,11.8,9.861538461538462,Positive
67812ec1514dba6089ed9358,9.4,10.0,9.7,1,0,0,1,1.0,0.0,0.0,11.7,9.792307692307691,Positive
67812ec1514dba6089ed93d1,9.399999999999999,10.0,9.7,2,0,0,2,1.0,0.0,0.0,11.7,9.792307692307691,Positive
67812ec1514dba6089ed92c5,9.4,10.0,9.7,1,0,0,1,1.0,0.0,0.0,11.7,9.792307692307691,Positive
67812ec1514dba6089ed9300,9.4,10.0,9.7,1,0,0,1,1.0,0.0,0.0,11.7,9.792307692307691,Positive
67812ec1514dba6089ed9316,9.4,10.0,9.7,1,0,0,1,1.0,0.0,0.0,11.7,9.792307692307691,Positive
67812ec1514dba6089ed9377,10.0,9.55,9.775,9,0,1,10,0.9,0.0,0.1,11.675,9.775,Positive
67812ec1514dba6089ed9335,9.32,10.0,9.66,10,0,0,10,1.0,0.0,0.0,11.66,9.764615384615384,Positive
67812ec1514dba6089ed9456,9.3,10.0,9.649999999999999,2,0,0,2,1.0,0.0,0.0,11.649999999999999,9.757692307692308,Positive
67812ec1514dba6089ed92df,9.3,10.0,9.65,2,0,0,2,1.0,0.0,0.0,11.65,9.757692307692308,Positive
67812ec1514dba6089ed9386,9.2,10.0,9.6,1,0,0,1,1.0,0.0,0.0,11.6,9.723076923076922,Positive
67812ec1514dba6089ed93d8,9.2,10.0,9.6,1,0,0,1,1.0,0.0,0.0,11.6,9.723076923076922,Positive
67812ec1514dba6089ed92e5,9.1,10.0,9.55,2,0,0,2,1.0,0.0,0.0,11.55,9.688461538461539,Positive
67812ec1514dba6089ed9449,9.313333333333333,9.85,9.581666666666667,29,0,1,30,0.9666666666666667,0.0,0.03333333333333333,11.548333333333334,9.687307692307693,Positive
67812ec1514dba6089ed92ba,9.0,10.0,9.5,1,0,0,1,1.0,0.0,0.0,11.5,9.653846153846153,Positive
67812ec1514dba6089ed93f1,9.0,10.0,9.5,2,0,0,2,1.0,0.0,0.0,11.5,9.653846153846153,Positive
67812ec1514dba6089ed9446,8.971428571428572,10.0,9.485714285714284,7,0,0,7,1.0,0.0,0.0,11.485714285714284,9.643956043956042,Positive
67812ec1514dba6089ed92bb,9.033333333333333,9.85,9.441666666666666,29,0,1,30,0.9666666666666667,0.0,0.03333333333333333,11.408333333333333,9.590384615384615,Positive
67812ec1514dba6089ed933b,8.8,10.0,9.4,1,0,0,1,1.0,0.0,0.0,11.4,9.584615384615386,Positive
67812ec1514dba6089ed9436,8.8,10.0,9.4,1,0,0,1,1.0,0.0,0.0,11.4,9.584615384615386,Positive
67812ec1514dba6089ed92ae,8.8,10.0,9.4,1,0,0,1,1.0,0.0,0.0,11.4,9.584615384615386,Positive
67812ec1514dba6089ed9333,8.8,10.0,9.4,1,0,0,1,1.0,0.0,0.0,11.4,9.584615384615386,Positive
67812ec1514dba6089ed93ec,8.8,10.0,9.399999999999999,9,0,0,9,1.0,0.0,0.0,11.399999999999999,9.584615384615384,Positive
67812ec1514dba6089ed9488,8.75,10.0,9.375,4,0,0,4,1.0,0.0,0.0,11.375,9.567307692307692,Positive
67812ec1514dba6089ed93c4,8.75,10.0,9.375,4,0,0,4,1.0,0.0,0.0,11.375,9.567307692307692,Positive
67812ec1514dba6089ed940a,8.733333333333333,10.0,9.366666666666667,3,0,0,3,1.0,0.0,0.0,11.366666666666667,9.561538461538463,Positive
67812ec1514dba6089ed939f,8.706666666666667,10.0,9.353333333333333,30,0,0,30,1.0,0.0,0.0,11.353333333333333,9.552307692307693,Positive
67812ec1514dba6089ed9313,8.6,10.0,9.3,1,0,0,1,1.0,0.0,0.0,11.3,9.515384615384615,Positive
67812ec1514dba6089ed9401,8.533333333333333,10.0,9.266666666666666,3,0,0,3,1.0,0.0,0.0,11.266666666666666,9.492307692307692,Positive
67812ec1514dba6089ed9420,8.5,10.0,9.25,2,0,0,2,1.0,0.0,0.0,11.25,9.48076923076923,Positive
67812ec1514dba6089ed9418,9.04,9.55,9.295,27,0,3,30,0.9,0.0,0.1,11.195,9.442692307692308,Positive
67812ec1514dba6089ed93cc,8.366666666666667,10.0,9.183333333333334,6,0,0,6,1.0,0.0,0.0,11.183333333333334,9.434615384615386,Positive
67812ec1514dba6089ed945c,8.333333333333334,10.0,9.166666666666666,3,0,0,3,1.0,0.0,0.0,11.166666666666666,9.423076923076923,Positive
67812ec1514dba6089ed9395,8.333333333333334,10.0,9.166666666666666,3,0,0,3,1.0,0.0,0.0,11.166666666666666,9.423076923076923,Positive
67812ec1514dba6089ed92d3,9.086666666666668,9.55,9.318333333333333,28,1,1,30,0.9333333333333333,0.03333333333333333,0.03333333333333333,11.151666666666667,9.412692307692309,Positive
67812ec1514dba6089ed9346,8.3,10.0,9.15,2,0,0,2,1.0,0.0,0.0,11.15,9.411538461538463,Positive
67812ec1514dba6089ed9447,9.426666666666668,9.4,9.413333333333332,28,2,0,30,0.9333333333333333,0.06666666666666667,0.0,11.146666666666667,9.409230769230769,Positive
67812ec1514dba6089ed92eb,9.426666666666668,9.4,9.413333333333332,14,1,0,15,0.9333333333333333,0.06666666666666667,0.0,11.146666666666667,9.409230769230769,Positive
67812ec1514dba6089ed9470,8.2,10.0,9.1,2,0,0,2,1.0,0.0,0.0,11.1,9.376923076923076,Positive
67812ec1514dba6089ed9452,8.2,10.0,9.1,1,0,0,1,1.0,0.0,0.0,11.1,9.376923076923076,Positive
67812ec1514dba6089ed938a,8.2,10.0,9.1,1,0,0,1,1.0,0.0,0.0,11.1,9.376923076923076,Positive
67812ec1514dba6089ed947a,8.120000000000001,10.0,9.059999999999999,5,0,0,5,1.0,0.0,0.0,11.059999999999999,9.349230769230768,Positive
67812ec1514dba6089ed93e4,8.1,10.0,9.05,2,0,0,2,1.0,0.0,0.0,11.05,9.342307692307692,Positive
67812ec1514dba6089ed92e4,8.1,10.0,9.05,2,0,0,2,1.0,0.0,0.0,11.05,9.342307692307692,Positive
67812ec1514dba6089ed92e2,8.0,10.0,9.0,2,0,0,2,1.0,0.0,0.0,11.0,9.307692307692308,Positive
67812ec1514dba6089ed931f,8.0,10.0,9.0,2,0,0,2,1.0,0.0,0.0,11.0,9.307692307692308,Positive
67812ec1514dba6089ed9315,8.0,10.0,9.0,1,0,0,1,1.0,0.0,0.0,11.0,9.307692307692308,Positive
67812ec1514dba6089ed9321,8.0,10.0,9.0,1,0,0,1,1.0,0.0,0.0,11.0,9.307692307692308,Positive
67812ec1514dba6089ed93b1,8.0,10.0,9.0,1,0,0,1,1.0,0.0,0.0,11.0,9.307692307692308,Positive
67812ec1514dba6089ed945b,8.0,10.0,9.0,1,0,0,1,1.0,0.0,0.0,11.0,9.307692307692308,Positive
67812ec1514dba6089ed9345,8.0,10.0,9.0,1,0,0,1,1.0,0.0,0.0,11.0,9.307692307692308,Positive
67812ec1514dba6089ed934b,8.0,10.0,9.0,1,0,0,1,1.0,0.0,0.0,11.0,9.307692307692308,Positive
67812ec1514dba6089ed948e,7.971428571428571,10.0,8.985714285714286,14,0,0,14,1.0,0.0,0.0,10.985714285714286,9.297802197802197,Positive
67812ec1514dba6089ed9351,7.959999999999999,10.0,8.98,5,0,0,5,1.0,0.0,0.0,10.98,9.293846153846154,Positive
67812ec1514dba6089ed93be,7.955555555555556,10.0,8.977777777777778,27,0,0,27,1.0,0.0,0.0,10.977777777777778,9.292307692307691,Positive
67812ec1514dba6089ed9361,8.166666666666666,9.85,9.008333333333333,29,0,1,30,0.9666666666666667,0.0,0.03333333333333333,10.975,9.290384615384614,Positive
67812ec1514dba6089ed9364,7.92,10.0,8.959999999999999,5,0,0,5,1.0,0.0,0.0,10.959999999999999,9.28,Positive
67812ec1514dba6089ed946b,7.866666666666667,10.0,8.933333333333334,3,0,0,3,1.0,0.0,0.0,10.933333333333334,9.261538461538462,Positive
67812ec1514dba6089ed9342,8.933333333333334,9.25,9.091666666666667,5,0,1,6,0.8333333333333334,0.0,0.16666666666666666,10.924999999999999,9.25576923076923,Positive
67812ec1514dba6089ed9306,7.8,10.0,8.9,1,0,0,1,1.0,0.0,0.0,10.9,9.23846153846154,Positive
67812ec1514dba6089ed9463,7.8,10.0,8.9,1,0,0,1,1.0,0.0,0.0,10.9,9.23846153846154,Positive
67812ec1514dba6089ed92b6,7.8,10.0,8.9,10,0,0,10,1.0,0.0,0.0,10.9,9.23846153846154,Positive
67812ec1514dba6089ed9442,7.8,10.0,8.9,4,0,0,4,1.0,0.0,0.0,10.9,9.23846153846154,Positive
67812ec1514dba6089ed9310,7.800000000000001,10.0,8.899999999999999,2,0,0,2,1.0,0.0,0.0,10.899999999999999,9.238461538461538,Positive
67812ec1514dba6089ed9469,7.8,10.0,8.899999999999999,2,0,0,2,1.0,0.0,0.0,10.899999999999999,9.238461538461538,Positive
67812ec1514dba6089ed9380,9.3,8.875,9.0875,3,0,1,4,0.75,0.0,0.25,10.8375,9.195192307692308,Positive
67812ec1514dba6089ed92e9,7.666666666666667,10.0,8.833333333333334,3,0,0,3,1.0,0.0,0.0,10.833333333333334,9.192307692307692,Positive
67812ec1514dba6089ed93a0,7.666666666666667,10.0,8.833333333333334,3,0,0,3,1.0,0.0,0.0,10.833333333333334,9.192307692307692,Positive
67812ec1514dba6089ed9396,8.0625,9.71875,8.890625,15,0,1,16,0.9375,0.0,0.0625,10.828125,9.188701923076923,Positive
67812ec1514dba6089ed9465,7.640000000000001,10.0,8.82,5,0,0,5,1.0,0.0,0.0,10.82,9.183076923076923,Positive
67812ec1514dba6089ed9459,7.6,10.0,8.8,10,0,0,10,1.0,0.0,0.0,10.8,9.169230769230769,Positive
67812ec1514dba6089ed946e,7.6,10.0,8.8,1,0,0,1,1.0,0.0,0.0,10.8,9.169230769230769,Positive
67812ec1514dba6089ed9432,7.6,10.0,8.8,5,0,0,5,1.0,0.0,0.0,10.8,9.169230769230769,Positive
67812ec1514dba6089ed9356,7.6,10.0,8.8,1,0,0,1,1.0,0.0,0.0,10.8,9.169230769230769,Positive
67812ec1514dba6089ed9491,7.6,10.0,8.8,2,0,0,2,1.0,0.0,0.0,10.8,9.169230769230769,Positive
67812ec1514dba6089ed9438,8.24,9.55,8.895,9,0,1,10,0.9,0.0,0.1,10.795,9.16576923076923,Positive
67812ec1514dba6089ed93df,7.56,10.0,8.780000000000001,5,0,0,5,1.0,0.0,0.0,10.780000000000001,9.155384615384616,Positive
67812ec1514dba6089ed941d,8.048,9.64,8.844,23,0,2,25,0.92,0.0,0.08,10.764,9.144307692307692,Positive
67812ec1514dba6089ed945d,7.5200000000000005,10.0,8.76,5,0,0,5,1.0,0.0,0.0,10.76,9.141538461538461,Positive
67812ec1514dba6089ed9464,8.113333333333333,9.55,8.831666666666667,27,0,3,30,0.9,0.0,0.1,10.731666666666667,9.121923076923078,Positive
67812ec1514dba6089ed9454,7.433333333333333,10.0,8.716666666666667,6,0,0,6,1.0,0.0,0.0,10.716666666666667,9.111538461538462,Positive
67812ec1514dba6089ed93e1,8.342857142857143,9.357142857142858,8.85,6,0,1,7,0.8571428571428571,0.0,0.14285714285714285,10.707142857142856,9.104945054945054,Positive
67812ec1514dba6089ed9397,7.3999999999999995,10.0,8.700000000000001,3,0,0,3,1.0,0.0,0.0,10.700000000000001,9.100000000000001,Positive
67812ec1514dba6089ed93d9,7.3999999999999995,10.0,8.700000000000001,3,0,0,3,1.0,0.0,0.0,10.700000000000001,9.100000000000001,Positive
67812ec1514dba6089ed9410,8.928571428571429,9.035714285714286,8.982142857142858,12,1,1,14,0.8571428571428571,0.07142857142857142,0.07142857142857142,10.625,9.048076923076923,Positive
67812ec1514dba6089ed93f7,8.85,8.875,8.8625,3,0,1,4,0.75,0.0,0.25,10.6125,9.039423076923077,Positive
67812ec1514dba6089ed9471,8.2,9.4,8.8,27,1,2,30,0.9,0.03333333333333333,0.06666666666666667,10.600000000000001,9.03076923076923,Positive
67812ec1514dba6089ed939b,7.199999999999999,10.0,8.6,8,0,0,8,1.0,0.0,0.0,10.6,9.03076923076923,Positive
67812ec1514dba6089ed93b9,7.2,10.0,8.6,1,0,0,1,1.0,0.0,0.0,10.6,9.03076923076923,Positive
67812ec1514dba6089ed92ff,7.2,10.0,8.6,4,0,0,4,1.0,0.0,0.0,10.6,9.03076923076923,Positive
67812ec1514dba6089ed9305,7.2,10.0,8.6,1,0,0,1,1.0,0.0,0.0,10.6,9.03076923076923,Positive
67812ec1514dba6089ed92cc,7.1,10.0,8.55,2,0,0,2,1.0,0.0,0.0,10.55,8.996153846153845,Positive
67812ec1514dba6089ed9318,7.1,10.0,8.55,2,0,0,2,1.0,0.0,0.0,10.55,8.996153846153845,Positive
67812ec1514dba6089ed92f5,7.08,10.0,8.540000000000001,5,0,0,5,1.0,0.0,0.0,10.540000000000001,8.98923076923077,Positive
67812ec1514dba6089ed9328,7.513333333333334,9.7,8.606666666666666,28,0,2,30,0.9333333333333333,0.0,0.06666666666666667,10.54,8.989230769230769,Positive
67812ec1514dba6089ed9431,8.72,9.1,8.91,27,3,0,30,0.9,0.1,0.0,10.510000000000002,8.96846153846154,Positive
67812ec1514dba6089ed930d,7.0,10.0,8.5,1,0,0,1,1.0,0.0,0.0,10.5,8.961538461538462,Positive
67812ec1514dba6089ed9458,7.0,10.0,8.5,1,0,0,1,1.0,0.0,0.0,10.5,8.961538461538462,Positive
67812ec1514dba6089ed9317,7.0,10.0,8.5,1,0,0,1,1.0,0.0,0.0,10.5,8.961538461538462,Positive
67812ec1514dba6089ed9493,7.0,10.0,8.5,1,0,0,1,1.0,0.0,0.0,10.5,8.961538461538462,Positive
67812ec1514dba6089ed9343,7.0,10.0,8.5,2,0,0,2,1.0,0.0,0.0,10.5,8.961538461538462,Positive
67812ec1514dba6089ed9489,7.0,10.0,8.5,1,0,0,1,1.0,0.0,0.0,10.5,8.961538461538462,Positive
67812ec1514dba6089ed9461,7.851851851851852,9.5,8.675925925925926,25,1,1,27,0.9259259259259259,0.037037037037037035,0.037037037037037035,10.490740740740739,8.955128205128204,Positive
67812ec1514dba6089ed93a6,6.9,10.0,8.45,2,0,0,2,1.0,0.0,0.0,10.45,8.926923076923076,Positive
67812ec1514dba6089ed946a,8.107142857142858,9.357142857142858,8.732142857142858,26,2,0,28,0.9285714285714286,0.07142857142857142,0.0,10.446428571428573,8.924450549450551,Positive
67812ec1514dba6089ed9394,8.393333333333334,9.1,8.746666666666666,26,2,2,30,0.8666666666666667,0.06666666666666667,0.06666666666666667,10.413333333333334,8.901538461538461,Positive
67812ec1514dba6089ed93e6,7.742857142857143,9.357142857142858,8.55,6,0,1,7,0.8571428571428571,0.0,0.14285714285714285,10.407142857142857,8.897252747252747,Positive
67812ec1514dba6089ed9421,6.8,10.0,8.4,1,0,0,1,1.0,0.0,0.0,10.4,8.892307692307693,Positive
67812ec1514dba6089ed9355,8.066666666666666,9.1,8.583333333333334,12,0,3,15,0.8,0.0,0.2,10.383333333333333,8.88076923076923,Positive
67812ec1514dba6089ed93d4,7.3133333333333335,9.7,8.506666666666666,29,1,0,30,0.9666666666666667,0.03333333333333333,0.0,10.373333333333333,8.873846153846154,Positive
67812ec1514dba6089ed9326,7.8533333333333335,9.4,8.626666666666667,28,2,0,30,0.9333333333333333,0.06666666666666667,0.0,10.360000000000001,8.864615384615385,Positive
67812ec1514dba6089ed92f1,6.7,10.0,8.35,2,0,0,2,1.0,0.0,0.0,10.35,8.857692307692307,Positive
67812ec1514dba6089ed9474,6.6,10.0,8.3,4,0,0,4,1.0,0.0,0.0,10.3,8.823076923076924,Positive
67812ec1514dba6089ed9416,7.141666666666667,9.625,8.383333333333333,22,0,2,24,0.9166666666666666,0.0,0.08333333333333333,10.3,8.823076923076924,Positive
67812ec1514dba6089ed93aa,6.6000000000000005,10.0,8.299999999999999,3,0,0,3,1.0,0.0,0.0,10.299999999999999,8.823076923076922,Positive
67812ec1514dba6089ed93cf,7.729411764705882,9.205882352941176,8.467647058823529,14,0,3,17,0.8235294117647058,0.0,0.17647058823529413,10.291176470588233,8.816968325791853,Positive
67812ec1514dba6089ed9392,9.8,7.75,8.775,1,0,1,2,0.5,0.0,0.5,10.275,8.805769230769231,Positive
67812ec1514dba6089ed946f,6.4,10.0,8.2,2,0,0,2,1.0,0.0,0.0,10.2,8.753846153846155,Positive
67812ec1514dba6089ed92fd,6.4,10.0,8.2,2,0,0,2,1.0,0.0,0.0,10.2,8.753846153846155,Positive
67812ec1514dba6089ed9479,7.213333333333334,9.4,8.306666666666667,13,0,2,15,0.8666666666666667,0.0,0.13333333333333333,10.173333333333332,8.735384615384614,Positive
67812ec1514dba6089ed9419,6.2,10.0,8.1,1,0,0,1,1.0,0.0,0.0,10.1,8.684615384615384,Positive
67812ec1514dba6089ed9460,7.484615384615385,9.307692307692308,8.396153846153847,24,2,0,26,0.9230769230769231,0.07692307692307693,0.0,10.08846153846154,8.676627218934913,Positive
67812ec1514dba6089ed9382,8.333333333333334,8.5,8.416666666666666,2,0,1,3,0.6666666666666666,0.0,0.3333333333333333,10.083333333333334,8.673076923076923,Positive
67812ec1514dba6089ed92f7,7.323076923076924,9.307692307692308,8.315384615384614,12,1,0,13,0.9230769230769231,0.07692307692307693,0.0,10.007692307692308,8.620710059171598,Positive
67812ec1514dba6089ed93eb,7.433333333333334,9.1,8.266666666666667,25,1,4,30,0.8333333333333334,0.03333333333333333,0.13333333333333333,10.0,8.615384615384615,Positive
67812ec1514dba6089ed9341,6.0,10.0,8.0,1,0,0,1,1.0,0.0,0.0,10.0,8.615384615384615,Positive
67812ec1514dba6089ed9337,6.0,10.0,8.0,1,0,0,1,1.0,0.0,0.0,10.0,8.615384615384615,Positive
67812ec1514dba6089ed9486,7.066666666666666,9.25,8.158333333333333,5,0,1,6,0.8333333333333334,0.0,0.16666666666666666,9.991666666666665,8.609615384615383,Positive
67812ec1514dba6089ed9455,7.8999999999999995,8.75,8.325,14,1,3,18,0.7777777777777778,0.05555555555555555,0.16666666666666666,9.93611111111111,8.571153846153845,Positive
67812ec1514dba6089ed92c1,7.846666666666667,8.8,8.323333333333332,24,2,4,30,0.8,0.06666666666666667,0.13333333333333333,9.923333333333332,8.56230769230769,Positive
67812ec1514dba6089ed931a,6.8999999999999995,9.25,8.075000000000001,5,0,1,6,0.8333333333333334,0.0,0.16666666666666666,9.908333333333333,8.551923076923076,Positive
67812ec1514dba6089ed92d2,7.72,8.95,8.335,26,3,1,30,0.8666666666666667,0.1,0.03333333333333333,9.901666666666669,8.547307692307694,Positive
67812ec1514dba6089ed945a,5.8,10.0,7.9,2,0,0,2,1.0,0.0,0.0,9.9,8.546153846153846,Positive
67812ec1514dba6089ed9402,8.0,8.714285714285714,8.357142857142858,17,2,2,21,0.8095238095238095,0.09523809523809523,0.09523809523809523,9.880952380952381,8.532967032967033,Positive
67812ec1514dba6089ed932a,7.3428571428571425,9.142857142857142,8.242857142857142,19,2,0,21,0.9047619047619048,0.09523809523809523,0.0,9.861904761904762,8.51978021978022,Positive
67812ec1514dba6089ed93f0,8.193333333333333,8.65,8.421666666666667,25,4,1,30,0.8333333333333334,0.13333333333333333,0.03333333333333333,9.854999999999999,8.515,Positive
67812ec1514dba6089ed93a5,8.54,8.5,8.52,25,5,0,30,0.8333333333333334,0.16666666666666666,0.0,9.853333333333332,8.513846153846153,Positive
67812ec1514dba6089ed9344,7.766666666666666,8.5,8.133333333333333,4,0,2,6,0.6666666666666666,0.0,0.3333333333333333,9.8,8.476923076923077,Positive
67812ec1514dba6089ed9407,7.586666666666667,8.8,8.193333333333333,24,2,4,30,0.8,0.06666666666666667,0.13333333333333333,9.793333333333333,8.472307692307693,Positive
67812ec1514dba6089ed9457,7.22,9.1,8.16,27,3,0,30,0.9,0.1,0.0,9.760000000000002,8.44923076923077,Positive
67812ec1514dba6089ed930a,7.125,8.875,8.0,6,0,2,8,0.75,0.0,0.25,9.75,8.442307692307693,Positive
67812ec1514dba6089ed945f,8.828571428571427,8.071428571428571,8.45,5,1,1,7,0.7142857142857143,0.14285714285714285,0.14285714285714285,9.735714285714284,8.432417582417582,Positive
67812ec1514dba6089ed9347,7.819999999999999,8.65,8.235000000000001,24,3,3,30,0.8,0.1,0.1,9.735000000000001,8.431923076923077,Positive
67812ec1514dba6089ed9414,7.355555555555556,9.0,8.177777777777777,8,1,0,9,0.8888888888888888,0.1111111111111111,0.0,9.733333333333334,8.430769230769231,Positive
67812ec1514dba6089ed935c,7.159999999999999,9.1,8.129999999999999,9,1,0,10,0.9,0.1,0.0,9.73,8.428461538461539,Positive
67812ec1514dba6089ed9485,7.857142857142857,8.714285714285714,8.285714285714286,12,2,0,14,0.8571428571428571,0.14285714285714285,0.0,9.714285714285714,8.417582417582416,Positive
67812ec1514dba6089ed9311,5.4,10.0,7.7,1,0,0,1,1.0,0.0,0.0,9.7,8.407692307692308,Positive
67812ec1514dba6089ed9462,7.675862068965517,8.758620689655173,8.217241379310344,25,4,0,29,0.8620689655172413,0.13793103448275862,0.0,9.665517241379309,8.383819628647213,Positive
67812ec1514dba6089ed92d4,7.4399999999999995,8.8,8.12,25,3,2,30,0.8333333333333334,0.1,0.06666666666666667,9.653333333333332,8.375384615384615,Positive
67812ec1514dba6089ed9301,6.6,9.1,7.85,4,0,1,5,0.8,0.0,0.2,9.649999999999999,8.373076923076923,Positive
67812ec1514dba6089ed92ed,6.4363636363636365,9.181818181818182,7.8090909090909095,9,0,2,11,0.8181818181818182,0.0,0.18181818181818182,9.627272727272727,8.357342657342656,Positive
67812ec1514dba6089ed934a,7.015384615384615,8.961538461538462,7.988461538461538,11,1,1,13,0.8461538461538461,0.07692307692307693,0.07692307692307693,9.603846153846153,8.341124260355029,Positive
67812ec1514dba6089ed93b4,7.800000000000001,8.5,8.149999999999999,7,1,1,9,0.7777777777777778,0.1111111111111111,0.1111111111111111,9.594444444444443,8.334615384615384,Positive
67812ec1514dba6089ed932d,6.845454545454545,8.977272727272727,7.911363636363637,18,1,3,22,0.8181818181818182,0.045454545454545456,0.13636363636363635,9.593181818181819,8.33374125874126,Positive
67812ec1514dba6089ed92de,7.306666666666667,8.8,8.053333333333333,25,3,2,30,0.8333333333333334,0.1,0.06666666666666667,9.586666666666666,8.329230769230769,Positive
67812ec1514dba6089ed9429,5.1,10.0,7.550000000000001,2,0,0,2,1.0,0.0,0.0,9.55,8.303846153846154,Positive
67812ec1514dba6089ed92b3,6.95,8.875,7.9125000000000005,23,2,3,28,0.8214285714285714,0.07142857142857142,0.10714285714285714,9.519642857142859,8.282829670329672,Positive
67812ec1514dba6089ed941f,5.0,10.0,7.5,2,0,0,2,1.0,0.0,0.0,9.5,8.26923076923077,Positive
67812ec1514dba6089ed9422,7.72,8.56,8.14,21,4,0,25,0.84,0.16,0.0,9.5,8.26923076923077,Positive
67812ec1514dba6089ed938e,5.0,10.0,7.5,1,0,0,1,1.0,0.0,0.0,9.5,8.26923076923077,Positive
67812ec1514dba6089ed946d,5.0,10.0,7.5,1,0,0,1,1.0,0.0,0.0,9.5,8.26923076923077,Positive
67812ec1514dba6089ed92e3,7.133333333333333,8.5,7.816666666666666,2,0,1,3,0.6666666666666666,0.0,0.3333333333333333,9.483333333333334,8.25769230769231,Positive
67812ec1514dba6089ed9480,7.872727272727272,7.954545454545454,7.913636363636363,6,0,5,11,0.5454545454545454,0.0,0.45454545454545453,9.459090909090909,8.24090909090909,Positive
67812ec1514dba6089ed932b,7.05,8.5,7.7749999999999995,8,0,4,12,0.6666666666666666,0.0,0.3333333333333333,9.441666666666666,8.228846153846153,Positive
67812ec1514dba6089ed9312,6.923809523809524,8.714285714285714,7.819047619047619,16,1,4,21,0.7619047619047619,0.047619047619047616,0.19047619047619047,9.438095238095237,8.226373626373626,Positive
67812ec1514dba6089ed92fb,8.1,7.75,7.925,1,0,1,2,0.5,0.0,0.5,9.425,8.217307692307692,Positive
67812ec1514dba6089ed937e,7.513333333333334,8.5,8.006666666666666,24,4,2,30,0.8,0.13333333333333333,0.06666666666666667,9.406666666666665,8.204615384615384,Positive
67812ec1514dba6089ed9354,7.325,8.59375,7.959375,13,2,1,16,0.8125,0.125,0.0625,9.396875,8.197836538461537,Positive
67812ec1514dba6089ed93ba,7.2733333333333325,8.65,7.961666666666667,25,4,1,30,0.8333333333333334,0.13333333333333333,0.03333333333333333,9.395,8.196538461538461,Positive
67812ec1514dba6089ed93c0,7.446666666666667,8.5,7.973333333333333,24,4,2,30,0.8,0.13333333333333333,0.06666666666666667,9.373333333333331,8.18153846153846,Positive
67812ec1514dba6089ed9408,7.866666666666666,8.25,8.058333333333334,14,3,1,18,0.7777777777777778,0.16666666666666666,0.05555555555555555,9.33611111111111,8.15576923076923,Positive
67812ec1514dba6089ed945e,7.5,8.5,8.0,5,1,0,6,0.8333333333333334,0.16666666666666666,0.0,9.333333333333332,8.153846153846153,Positive
67812ec1514dba6089ed93bd,7.3533333333333335,8.5,7.926666666666667,24,4,2,30,0.8,0.13333333333333333,0.06666666666666667,9.326666666666666,8.149230769230769,Positive
67812ec1514dba6089ed9427,7.466666666666666,8.5,7.983333333333333,5,1,0,6,0.8333333333333334,0.16666666666666666,0.0,9.316666666666666,8.142307692307693,Positive
67812ec1514dba6089ed93a8,6.866666666666666,8.75,7.808333333333334,15,2,1,18,0.8333333333333334,0.1111111111111111,0.05555555555555555,9.308333333333334,8.136538461538462,Positive
67812ec1514dba6089ed93bc,7.028571428571429,8.714285714285714,7.871428571428572,6,1,0,7,0.8571428571428571,0.14285714285714285,0.0,9.299999999999999,8.13076923076923,Positive
67812ec1514dba6089ed9363,7.7379310344827585,8.293103448275861,8.01551724137931,23,5,1,29,0.7931034482758621,0.1724137931034483,0.034482758620689655,9.291379310344828,8.124801061007958,Positive
67812ec1514dba6089ed9324,7.333333333333333,8.35,7.841666666666667,23,4,3,30,0.7666666666666667,0.13333333333333333,0.1,9.208333333333332,8.067307692307692,Positive
67812ec1514dba6089ed9331,7.293333333333334,8.35,7.821666666666667,23,4,3,30,0.7666666666666667,0.13333333333333333,0.1,9.188333333333333,8.053461538461537,Positive
67812ec1514dba6089ed92b7,7.419047619047619,8.285714285714286,7.852380952380953,16,3,2,21,0.7619047619047619,0.14285714285714285,0.09523809523809523,9.185714285714285,8.051648351648351,Positive
67812ec1514dba6089ed943f,6.533333333333334,8.5,7.516666666666667,2,0,1,3,0.6666666666666666,0.0,0.3333333333333333,9.183333333333334,8.05,Positive
67812ec1514dba6089ed93e8,7.6,7.75,7.675,1,0,1,2,0.5,0.0,0.5,9.175,8.044230769230769,Positive
67812ec1514dba6089ed941b,7.245454545454546,8.363636363636363,7.804545454545454,17,3,2,22,0.7727272727272727,0.13636363636363635,0.09090909090909091,9.168181818181818,8.03951048951049,Positive
67812ec1514dba6089ed92c2,8.088888888888889,8.0,8.044444444444444,7,2,0,9,0.7777777777777778,0.2222222222222222,0.0,9.155555555555555,8.03076923076923,Positive
67812ec1514dba6089ed940d,7.3,8.2,7.75,7,1,2,10,0.7,0.1,0.2,9.15,8.026923076923078,Positive
67812ec1514dba6089ed934d,6.640000000000001,8.65,7.6450000000000005,8,1,1,10,0.8,0.1,0.1,9.145000000000001,8.02346153846154,Positive
67812ec1514dba6089ed93f5,6.63,8.65,7.640000000000001,16,2,2,20,0.8,0.1,0.1,9.14,8.02,Positive
67812ec1514dba6089ed9444,7.3999999999999995,8.25,7.824999999999999,14,3,1,18,0.7777777777777778,0.16666666666666666,0.05555555555555555,9.102777777777776,7.994230769230768,Positive
67812ec1514dba6089ed93af,7.033333333333334,8.5,7.766666666666667,5,1,0,6,0.8333333333333334,0.16666666666666666,0.0,9.1,7.9923076923076914,Positive
67812ec1514dba6089ed9475,7.680000000000001,8.05,7.864999999999999,23,6,1,30,0.7666666666666667,0.2,0.03333333333333333,9.031666666666666,7.944999999999999,Positive
67812ec1514dba6089ed9412,7.152941176470588,8.147058823529411,7.65,12,2,3,17,0.7058823529411765,0.11764705882352941,0.17647058823529413,9.00294117647059,7.925113122171946,Positive
67812ec1514dba6089ed930b,7.4,8.2,7.8,4,1,0,5,0.8,0.2,0.0,9.0,7.923076923076923,Positive
67812ec1514dba6089ed9445,7.4,8.2,7.8,8,2,0,10,0.8,0.2,0.0,9.0,7.923076923076923,Positive
67812ec1514dba6089ed9368,6.321739130434783,8.630434782608695,7.476086956521739,18,2,3,23,0.782608695652174,0.08695652173913043,0.13043478260869565,8.99782608695652,7.921571906354514,Positive
67812ec1514dba6089ed92bd,7.2,7.75,7.475,1,0,1,2,0.5,0.0,0.5,8.975,7.90576923076923,Positive
67812ec1514dba6089ed9398,7.305263157894737,8.105263157894736,7.705263157894737,14,3,2,19,0.7368421052631579,0.15789473684210525,0.10526315789473684,8.968421052631578,7.901214574898786,Positive
67812ec1514dba6089ed9362,7.0,8.26923076923077,7.634615384615385,10,2,1,13,0.7692307692307693,0.15384615384615385,0.07692307692307693,8.942307692307692,7.883136094674556,Positive
67812ec1514dba6089ed92dc,7.14,8.2,7.67,23,5,2,30,0.7666666666666667,0.16666666666666666,0.06666666666666667,8.936666666666666,7.879230769230769,Positive
67812ec1514dba6089ed948f,7.180000000000001,8.2,7.6899999999999995,24,6,0,30,0.8,0.2,0.0,8.889999999999999,7.846923076923076,Positive
67812ec1514dba6089ed9348,8.0,7.75,7.875,3,1,0,4,0.75,0.25,0.0,8.875,7.836538461538462,Positive
67812ec1514dba6089ed9330,6.7733333333333325,8.35,7.5616666666666665,24,5,1,30,0.8,0.16666666666666666,0.03333333333333333,8.861666666666666,7.827307692307692,Positive
67812ec1514dba6089ed933c,7.76,7.75,7.755,7,2,1,10,0.7,0.2,0.1,8.854999999999999,7.822692307692307,Positive
67812ec1514dba6089ed943a,7.466666666666667,7.9,7.683333333333334,22,6,2,30,0.7333333333333333,0.2,0.06666666666666667,8.816666666666666,7.796153846153846,Positive
67812ec1514dba6089ed931e,10.0,5.5,7.75,0,0,1,1,0.0,0.0,1.0,8.75,7.75,Positive
67812ec1514dba6089ed92b5,10.0,5.5,7.75,0,0,1,1,0.0,0.0,1.0,8.75,7.75,Positive
67812ec1514dba6089ed937d,10.0,5.5,7.75,0,0,1,1,0.0,0.0,1.0,8.75,7.75,Positive
67812ec1514dba6089ed92c9,7.716666666666666,7.75,7.733333333333333,9,3,0,12,0.75,0.25,0.0,8.733333333333334,7.738461538461539,Positive
67812ec1514dba6089ed940c,9.8,5.5,7.65,0,0,1,1,0.0,0.0,1.0,8.65,7.680769230769231,Positive
67812ec1514dba6089ed92ca,7.959999999999999,7.3,7.63,3,1,1,5,0.6,0.2,0.2,8.629999999999999,7.666923076923076,Positive
67812ec1514dba6089ed92c8,7.159999999999999,7.3,7.2299999999999995,2,0,3,5,0.4,0.0,0.6,8.629999999999999,7.666923076923076,Positive
67812ec1514dba6089ed9329,6.985714285714286,7.910714285714286,7.448214285714286,20,5,3,28,0.7142857142857143,0.17857142857142858,0.10714285714285714,8.626785714285715,7.664697802197803,Positive
67812ec1514dba6089ed935a,7.26,7.75,7.505,7,2,1,10,0.7,0.2,0.1,8.604999999999999,7.649615384615384,Positive
67812ec1514dba6089ed932c,8.244444444444445,6.5,7.372222222222222,2,0,7,9,0.2222222222222222,0.0,0.7777777777777778,8.594444444444445,7.642307692307693,Positive
67812ec1514dba6089ed9359,6.8133333333333335,7.9,7.3566666666666665,21,5,4,30,0.7,0.16666666666666666,0.13333333333333333,8.556666666666665,7.616153846153845,Positive
67812ec1514dba6089ed9430,6.806666666666667,7.9,7.3533333333333335,21,5,4,30,0.7,0.16666666666666666,0.13333333333333333,8.553333333333333,7.613846153846153,Positive
67812ec1514dba6089ed92d7,7.093333333333334,7.75,7.421666666666667,21,6,3,30,0.7,0.2,0.1,8.521666666666667,7.591923076923076,Positive
67812ec1514dba6089ed92f8,6.371428571428572,8.071428571428571,7.221428571428572,5,1,1,7,0.7142857142857143,0.14285714285714285,0.14285714285714285,8.507142857142856,7.581868131868131,Positive
67812ec1514dba6089ed9403,3.0,10.0,6.5,1,0,0,1,1.0,0.0,0.0,8.5,7.576923076923077,Positive
67812ec1514dba6089ed93c8,7.3538461538461535,7.576923076923077,7.4653846153846155,9,3,1,13,0.6923076923076923,0.23076923076923078,0.07692307692307693,8.465384615384615,7.552958579881656,Positive
67812ec1514dba6089ed92be,7.546666666666667,7.45,7.498333333333333,20,7,3,30,0.6666666666666666,0.23333333333333334,0.1,8.465,7.552692307692308,Positive
67812ec1514dba6089ed93a4,6.640000000000001,7.975,7.3075,15,4,1,20,0.75,0.2,0.05,8.457500000000001,7.5475,Positive
67812ec1514dba6089ed9477,6.947368421052632,7.631578947368421,7.2894736842105265,12,3,4,19,0.631578947368421,0.15789473684210525,0.21052631578947367,8.447368421052632,7.540485829959514,Positive
67812ec1514dba6089ed948b,6.6,8.0,7.300000000000001,14,4,0,18,0.7777777777777778,0.2222222222222222,0.0,8.411111111111111,7.515384615384615,Positive
67812ec1514dba6089ed93c2,7.086666666666667,7.6,7.343333333333334,20,6,4,30,0.6666666666666666,0.2,0.13333333333333333,8.41,7.514615384615384,Positive
67812ec1514dba6089ed93b3,7.02,7.6,7.3100000000000005,20,6,4,30,0.6666666666666666,0.2,0.13333333333333333,8.376666666666667,7.491538461538462,Positive
67812ec1514dba6089ed93ce,7.089655172413793,7.517241379310345,7.30344827586207,19,6,4,29,0.6551724137931034,0.20689655172413793,0.13793103448275862,8.337931034482759,7.464721485411141,Positive
67812ec1514dba6089ed92ea,7.214285714285714,7.428571428571429,7.321428571428571,9,3,2,14,0.6428571428571429,0.21428571428571427,0.14285714285714285,8.321428571428571,7.453296703296703,Positive
67812ec1514dba6089ed9433,6.640000000000001,7.75,7.195,7,2,1,10,0.7,0.2,0.1,8.295,7.4350000000000005,Positive
67812ec1514dba6089ed93f6,6.9,7.6,7.25,21,7,2,30,0.7,0.23333333333333334,0.06666666666666667,8.25,7.403846153846154,Positive
67812ec1514dba6089ed943e,6.84,7.6,7.22,21,7,2,30,0.7,0.23333333333333334,0.06666666666666667,8.219999999999999,7.383076923076922,Positive
67812ec1514dba6089ed92dd,6.606896551724137,7.672413793103448,7.139655172413794,20,6,3,29,0.6896551724137931,0.20689655172413793,0.10344827586206896,8.208620689655174,7.375198938992043,Positive
67812ec1514dba6089ed93e5,6.793333333333334,7.6,7.196666666666667,21,7,2,30,0.7,0.23333333333333334,0.06666666666666667,8.196666666666667,7.366923076923078,Positive
67812ec1514dba6089ed93dc,6.654545454545455,7.545454545454546,7.1,7,2,2,11,0.6363636363636364,0.18181818181818182,0.18181818181818182,8.190909090909091,7.362937062937063,Positive
67812ec1514dba6089ed93a9,7.328571428571429,7.107142857142857,7.2178571428571425,8,3,3,14,0.5714285714285714,0.21428571428571427,0.21428571428571427,8.14642857142857,7.332142857142856,Positive
67812ec1514dba6089ed93ea,6.6625,7.46875,7.065625000000001,10,3,3,16,0.625,0.1875,0.1875,8.128125,7.319471153846154,Positive
67812ec1514dba6089ed93a3,6.118181818181818,7.954545454545454,7.036363636363637,17,5,0,22,0.7727272727272727,0.22727272727272727,0.0,8.127272727272727,7.3188811188811185,Positive
67812ec1514dba6089ed9399,6.693333333333333,7.45,7.071666666666667,19,6,5,30,0.6333333333333333,0.2,0.16666666666666666,8.105,7.303461538461539,Positive
67812ec1514dba6089ed9473,6.457142857142857,7.428571428571429,6.942857142857143,4,1,2,7,0.5714285714285714,0.14285714285714285,0.2857142857142857,8.085714285714285,7.29010989010989,Positive
67812ec1514dba6089ed941e,7.8,7.0,7.3999999999999995,2,1,0,3,0.6666666666666666,0.3333333333333333,0.0,8.066666666666666,7.276923076923077,Positive
67812ec1514dba6089ed92cb,6.35,7.75,7.050000000000001,3,1,0,4,0.75,0.25,0.0,8.05,7.265384615384615,Positive
67812ec1514dba6089ed93da,7.4125,7.1875,7.3,11,5,0,16,0.6875,0.3125,0.0,8.05,7.265384615384615,Positive
67812ec1514dba6089ed93ee,6.14,7.75,6.945,7,2,1,10,0.7,0.2,0.1,8.045,7.261923076923077,Positive
67812ec1514dba6089ed947f,6.325,7.75,7.0375,6,2,0,8,0.75,0.25,0.0,8.0375,7.256730769230769,Positive
67812ec1514dba6089ed92c6,6.680000000000001,7.45,7.0649999999999995,20,7,3,30,0.6666666666666666,0.23333333333333334,0.1,8.031666666666666,7.252692307692308,Positive
67812ec1514dba6089ed93ad,6.199999999999999,7.75,6.975,3,1,0,4,0.75,0.25,0.0,7.975,7.213461538461538,Positive
67812ec1514dba6089ed93de,6.426666666666667,7.45,6.9383333333333335,20,7,3,30,0.6666666666666666,0.23333333333333334,0.1,7.904999999999999,7.165,Positive
67812ec1514dba6089ed9340,6.2266666666666675,7.6,6.913333333333333,22,8,0,30,0.7333333333333333,0.26666666666666666,0.0,7.846666666666666,7.1246153846153835,Positive
67812ec1514dba6089ed93b2,6.236363636363635,7.340909090909091,6.788636363636363,13,4,5,22,0.5909090909090909,0.18181818181818182,0.22727272727272727,7.834090909090909,7.11590909090909,Positive
67812ec1514dba6089ed9482,6.906666666666666,7.15,7.028333333333333,20,9,1,30,0.6666666666666666,0.3,0.03333333333333333,7.795,7.088846153846154,Positive
67812ec1514dba6089ed9309,5.8,7.75,6.775,6,2,0,8,0.75,0.25,0.0,7.775,7.075000000000001,Positive
67812ec1514dba6089ed93fa,6.486666666666666,7.3,6.8933333333333335,20,8,2,30,0.6666666666666666,0.26666666666666666,0.06666666666666667,7.76,7.064615384615385,Positive
67812ec1514dba6089ed92fa,6.371428571428572,7.428571428571429,6.8999999999999995,5,2,0,7,0.7142857142857143,0.2857142857142857,0.0,7.757142857142856,7.0626373626373615,Positive
67812ec1514dba6089ed93bf,7.133333333333333,7.0,7.066666666666666,2,1,0,3,0.6666666666666666,0.3333333333333333,0.0,7.733333333333333,7.046153846153847,Positive
67812ec1514dba6089ed9353,6.846666666666667,7.0,6.923333333333333,18,8,4,30,0.6,0.26666666666666666,0.13333333333333333,7.723333333333333,7.039230769230769,Positive
67812ec1514dba6089ed92b2,7.173333333333333,6.85,7.011666666666667,18,9,3,30,0.6,0.3,0.1,7.711666666666666,7.031153846153846,Positive
67812ec1514dba6089ed92b1,6.5,7.3,6.9,7,3,0,10,0.7,0.3,0.0,7.700000000000001,7.023076923076924,Positive
67812ec1514dba6089ed943c,7.066666666666666,7.0,7.033333333333334,4,2,0,6,0.6666666666666666,0.3333333333333333,0.0,7.7,7.023076923076923,Positive
67812ec1514dba6089ed9365,6.377777777777777,7.166666666666667,6.772222222222222,16,6,5,27,0.5925925925925926,0.2222222222222222,0.18518518518518517,7.698148148148148,7.021794871794872,Positive
67812ec1514dba6089ed9314,7.246666666666667,6.85,7.048333333333333,19,10,1,30,0.6333333333333333,0.3333333333333333,0.03333333333333333,7.681666666666666,7.0103846153846145,Positive
67812ec1514dba6089ed93c7,6.8933333333333335,7.0,6.946666666666667,19,9,2,30,0.6333333333333333,0.3,0.06666666666666667,7.6800000000000015,7.00923076923077,Positive
67812ec1514dba6089ed9425,6.1866666666666665,7.3,6.743333333333334,19,7,4,30,0.6333333333333333,0.23333333333333334,0.13333333333333333,7.676666666666668,7.006923076923077,Positive
67812ec1514dba6089ed933f,6.739999999999999,7.0,6.87,18,8,4,30,0.6,0.26666666666666666,0.13333333333333333,7.67,7.002307692307692,Positive
67812ec1514dba6089ed9497,7.0,7.0,7.0,2,1,0,3,0.6666666666666666,0.3333333333333333,0.0,7.666666666666667,7.000000000000001,Positive
67812ec1514dba6089ed9391,7.046666666666667,6.7,6.873333333333333,16,8,6,30,0.5333333333333333,0.26666666666666666,0.2,7.606666666666666,6.958461538461538,Neutral
67812ec1514dba6089ed936f,6.866666666666667,7.0,6.933333333333334,2,1,0,3,0.6666666666666666,0.3333333333333333,0.0,7.6000000000000005,6.953846153846154,Neutral
67812ec1514dba6089ed932e,7.050000000000001,6.625,6.8375,2,1,1,4,0.5,0.25,0.25,7.5875,6.9451923076923086,Neutral
67812ec1514dba6089ed9476,6.833333333333333,7.0,6.916666666666667,4,2,0,6,0.6666666666666666,0.3333333333333333,0.0,7.583333333333333,6.942307692307692,Neutral
67812ec1514dba6089ed93cd,6.8,7.0,6.8999999999999995,4,2,0,6,0.6666666666666666,0.3333333333333333,0.0,7.5666666666666655,6.93076923076923,Neutral
67812ec1514dba6089ed93cb,6.8,7.0,6.8999999999999995,2,1,0,3,0.6666666666666666,0.3333333333333333,0.0,7.5666666666666655,6.93076923076923,Neutral
67812ec1514dba6089ed92fe,6.733333333333333,7.0,6.866666666666667,2,1,0,3,0.6666666666666666,0.3333333333333333,0.0,7.533333333333334,6.907692307692309,Neutral
67812ec1514dba6089ed9366,6.6,7.0,6.8,19,9,2,30,0.6333333333333333,0.3,0.06666666666666667,7.533333333333333,6.907692307692307,Neutral
67812ec1514dba6089ed9466,6.7,7.0,6.8500000000000005,8,4,0,12,0.6666666666666666,0.3333333333333333,0.0,7.516666666666667,6.896153846153846,Neutral
67812ec1514dba6089ed93b7,6.6000000000000005,7.0,6.8,2,1,0,3,0.6666666666666666,0.3333333333333333,0.0,7.466666666666666,6.86153846153846,Neutral
67812ec1514dba6089ed942c,6.326666666666667,7.0,6.663333333333333,18,8,4,30,0.6,0.26666666666666666,0.13333333333333333,7.463333333333334,6.859230769230771,Neutral
67812ec1514dba6089ed93c6,6.533333333333334,7.0,6.766666666666666,2,1,0,3,0.6666666666666666,0.3333333333333333,0.0,7.433333333333333,6.838461538461539,Neutral
67812ec1514dba6089ed93b5,6.533333333333334,7.0,6.766666666666667,2,1,0,3,0.6666666666666666,0.3333333333333333,0.0,7.433333333333333,6.838461538461539,Neutral
67812ec1514dba6089ed9435,6.7,6.85,6.775,19,10,1,30,0.6333333333333333,0.3333333333333333,0.03333333333333333,7.408333333333334,6.821153846153847,Neutral
67812ec1514dba6089ed93ab,9.3,5.5,7.4,1,1,0,2,0.5,0.5,0.0,7.4,6.815384615384616,Neutral
67812ec1514dba6089ed93ef,6.735714285714286,6.625,6.680357142857143,15,8,5,28,0.5357142857142857,0.2857142857142857,0.17857142857142858,7.358928571428572,6.78695054945055,Neutral
67812ec1514dba6089ed92b0,6.771428571428571,6.785714285714286,6.778571428571429,9,5,0,14,0.6428571428571429,0.35714285714285715,0.0,7.3500000000000005,6.7807692307692315,Neutral
67812ec1514dba6089ed93e3,6.306666666666667,6.7,6.503333333333333,15,7,8,30,0.5,0.23333333333333334,0.26666666666666666,7.303333333333333,6.748461538461537,Neutral
67812ec1514dba6089ed942d,7.0,5.5,6.25,0,0,1,1,0.0,0.0,1.0,7.25,6.711538461538462,Neutral
67812ec1514dba6089ed92b8,6.246666666666667,6.85,6.548333333333333,18,9,3,30,0.6,0.3,0.1,7.248333333333333,6.710384615384616,Neutral
67812ec1514dba6089ed942a,6.293333333333334,6.7,6.496666666666667,16,8,6,30,0.5333333333333333,0.26666666666666666,0.2,7.23,6.697692307692308,Neutral
67812ec1514dba6089ed948a,6.033333333333334,7.0,6.516666666666667,4,2,0,6,0.6666666666666666,0.3333333333333333,0.0,7.183333333333333,6.665384615384616,Neutral
67812ec1514dba6089ed93ae,5.8533333333333335,7.0,6.426666666666667,19,9,2,30,0.6333333333333333,0.3,0.06666666666666667,7.16,6.649230769230769,Neutral
67812ec1514dba6089ed93c5,6.266666666666667,6.7,6.483333333333333,17,9,4,30,0.5666666666666667,0.3,0.13333333333333333,7.150000000000001,6.6423076923076945,Neutral
67812ec1514dba6089ed933a,6.7,6.4,6.55,5,3,2,10,0.5,0.3,0.2,7.15,6.642307692307693,Neutral
67812ec1514dba6089ed9468,7.033333333333334,6.25,6.641666666666667,3,2,1,6,0.5,0.3333333333333333,0.16666666666666666,7.141666666666667,6.636538461538461,Neutral
67812ec1514dba6089ed9360,6.053333333333333,6.7,6.376666666666667,16,8,6,30,0.5333333333333333,0.26666666666666666,0.2,7.11,6.614615384615385,Neutral
67812ec1514dba6089ed93ed,6.14,6.7,6.42,17,9,4,30,0.5666666666666667,0.3,0.13333333333333333,7.086666666666667,6.598461538461539,Neutral
67812ec1514dba6089ed9409,6.126666666666667,6.7,6.413333333333333,17,9,4,30,0.5666666666666667,0.3,0.13333333333333333,7.080000000000001,6.593846153846155,Neutral
67812ec1514dba6089ed939d,6.246666666666667,6.7,6.473333333333333,18,10,2,30,0.6,0.3333333333333333,0.06666666666666667,7.073333333333332,6.589230769230769,Neutral
67812ec1514dba6089ed9448,6.846153846153846,6.1923076923076925,6.519230769230769,6,4,3,13,0.46153846153846156,0.3076923076923077,0.23076923076923078,7.057692307692308,6.578402366863906,Neutral
67812ec1514dba6089ed92e6,5.733333333333333,7.0,6.366666666666667,2,1,0,3,0.6666666666666666,0.3333333333333333,0.0,7.033333333333333,6.561538461538461,Neutral
67812ec1514dba6089ed93f8,5.7266666666666675,6.7,6.213333333333334,15,7,8,30,0.5,0.23333333333333334,0.26666666666666666,7.013333333333334,6.547692307692308,Neutral
67812ec1514dba6089ed9385,6.3,6.625,6.4625,5,3,0,8,0.625,0.375,0.0,6.9625,6.512500000000001,Neutral
67812ec1514dba6089ed92b9,5.9,6.625,6.2625,11,6,3,20,0.55,0.3,0.15,6.912500000000001,6.477884615384616,Neutral
67812ec1514dba6089ed92f6,5.618181818181818,6.7272727272727275,6.172727272727273,6,3,2,11,0.5454545454545454,0.2727272727272727,0.18181818181818182,6.9,6.46923076923077,Neutral
67812ec1514dba6089ed9381,6.2,5.5,5.85,0,0,1,1,0.0,0.0,1.0,6.85,6.434615384615384,Neutral
67812ec1514dba6089ed9417,6.306666666666667,6.25,6.278333333333333,14,9,7,30,0.4666666666666667,0.3,0.23333333333333334,6.845000000000001,6.431153846153847,Neutral
67812ec1514dba6089ed932f,5.333333333333333,7.0,6.166666666666667,2,1,0,3,0.6666666666666666,0.3333333333333333,0.0,6.833333333333333,6.423076923076923,Neutral
67812ec1514dba6089ed942f,5.633333333333334,6.7,6.166666666666667,18,10,2,30,0.6,0.3333333333333333,0.06666666666666667,6.766666666666667,6.376923076923077,Neutral
67812ec1514dba6089ed9490,6.0,5.5,5.75,0,0,1,1,0.0,0.0,1.0,6.75,6.365384615384615,Neutral
67812ec1514dba6089ed9367,5.882352941176471,6.5588235294117645,6.220588235294118,10,6,1,17,0.5882352941176471,0.35294117647058826,0.058823529411764705,6.75,6.365384615384615,Neutral
67812ec1514dba6089ed939e,5.666666666666667,6.55,6.108333333333333,16,9,5,30,0.5333333333333333,0.3,0.16666666666666666,6.741666666666667,6.359615384615386,Neutral
67812ec1514dba6089ed938b,5.5920000000000005,6.76,6.176,16,9,0,25,0.64,0.36,0.0,6.736000000000001,6.355692307692308,Neutral
67812ec1514dba6089ed9357,7.56,5.5,6.530000000000001,2,2,1,5,0.4,0.4,0.2,6.730000000000001,6.351538461538462,Neutral
67812ec1514dba6089ed93c1,5.673333333333333,6.55,6.111666666666666,17,10,3,30,0.5666666666666667,0.3333333333333333,0.1,6.678333333333332,6.31576923076923,Neutral
67812ec1514dba6089ed9370,5.66,6.4,6.029999999999999,5,3,2,10,0.5,0.3,0.2,6.63,6.282307692307692,Neutral
67812ec1514dba6089ed92d0,6.673333333333333,5.95,6.3116666666666665,15,12,3,30,0.5,0.4,0.1,6.611666666666666,6.269615384615384,Neutral
67812ec1514dba6089ed935d,6.0200000000000005,6.4,6.21,6,4,0,10,0.6,0.4,0.0,6.61,6.268461538461539,Neutral
67812ec1514dba6089ed9327,5.415384615384616,6.538461538461538,5.976923076923077,7,4,2,13,0.5384615384615384,0.3076923076923077,0.15384615384615385,6.592307692307692,6.256213017751478,Neutral
67812ec1514dba6089ed9426,5.8999999999999995,6.25,6.075,3,2,1,6,0.5,0.3333333333333333,0.16666666666666666,6.575,6.244230769230769,Neutral
67812ec1514dba6089ed944c,6.153333333333333,5.95,6.051666666666667,13,10,7,30,0.43333333333333335,0.3333333333333333,0.23333333333333334,6.484999999999999,6.181923076923076,Neutral
67812ec1514dba6089ed92c0,6.1866666666666665,6.1,6.1433333333333335,16,12,2,30,0.5333333333333333,0.4,0.06666666666666667,6.476666666666667,6.176153846153846,Neutral
67812ec1514dba6089ed9388,5.66,6.25,5.955,15,10,5,30,0.5,0.3333333333333333,0.16666666666666666,6.455,6.161153846153846,Neutral
67812ec1514dba6089ed9443,6.12,6.1,6.11,16,12,2,30,0.5333333333333333,0.4,0.06666666666666667,6.443333333333333,6.153076923076923,Neutral
67812ec1514dba6089ed93fe,6.630769230769231,5.846153846153846,6.238461538461538,7,6,0,13,0.5384615384615384,0.46153846153846156,0.0,6.392307692307691,6.11775147928994,Neutral
67812ec1514dba6089ed935f,5.613333333333333,6.25,5.931666666666667,16,11,3,30,0.5333333333333333,0.36666666666666664,0.1,6.364999999999999,6.098846153846154,Neutral
67812ec1514dba6089ed9439,5.6899999999999995,6.175,5.9325,11,8,1,20,0.55,0.4,0.05,6.282500000000001,6.041730769230769,Neutral
67812ec1514dba6089ed941c,5.228571428571429,6.142857142857143,5.685714285714285,6,4,4,14,0.42857142857142855,0.2857142857142857,0.2857142857142857,6.257142857142856,6.024175824175823,Neutral
67812ec1514dba6089ed93d3,5.819999999999999,5.95,5.885000000000001,14,11,5,30,0.4666666666666667,0.36666666666666664,0.16666666666666666,6.251666666666668,6.020384615384616,Neutral
67812ec1514dba6089ed947b,5.0,5.5,5.25,0,0,1,1,0.0,0.0,1.0,6.25,6.019230769230769,Neutral
67812ec1514dba6089ed930f,5.0,5.5,5.25,0,0,1,1,0.0,0.0,1.0,6.25,6.019230769230769,Neutral
67812ec1514dba6089ed92fc,5.0,5.5,5.25,0,0,1,1,0.0,0.0,1.0,6.25,6.019230769230769,Neutral
67812ec1514dba6089ed9437,5.0,5.5,5.25,0,0,1,1,0.0,0.0,1.0,6.25,6.019230769230769,Neutral
67812ec1514dba6089ed93f2,5.793333333333334,5.95,5.871666666666667,14,11,5,30,0.4666666666666667,0.36666666666666664,0.16666666666666666,6.238333333333334,6.011153846153847,Neutral
67812ec1514dba6089ed93fc,6.2266666666666675,5.8,6.013333333333334,15,13,2,30,0.5,0.43333333333333335,0.06666666666666667,6.213333333333333,5.993846153846154,Neutral
67812ec1514dba6089ed92bc,5.52,6.1,5.8100000000000005,15,11,4,30,0.5,0.36666666666666664,0.13333333333333333,6.210000000000001,5.991538461538463,Neutral
67812ec1514dba6089ed9379,6.8,5.5,6.15,1,1,0,2,0.5,0.5,0.0,6.15,5.950000000000001,Neutral
67812ec1514dba6089ed92c7,6.193333333333333,5.8,5.996666666666667,16,14,0,30,0.5333333333333333,0.4666666666666667,0.0,6.13,5.936153846153847,Neutral
67812ec1514dba6089ed931b,5.04,6.4,5.720000000000001,3,2,0,5,0.6,0.4,0.0,6.120000000000001,5.92923076923077,Neutral
67812ec1514dba6089ed93a1,5.666666666666667,5.95,5.808333333333334,15,12,3,30,0.5,0.4,0.1,6.108333333333333,5.921153846153846,Neutral
67812ec1514dba6089ed931c,4.966666666666666,6.25,5.608333333333333,3,2,1,6,0.5,0.3333333333333333,0.16666666666666666,6.108333333333333,5.921153846153846,Neutral
67812ec1514dba6089ed92ad,6.6,5.5,6.05,1,1,0,2,0.5,0.5,0.0,6.05,5.88076923076923,Neutral
67812ec1514dba6089ed9411,4.6,5.5,5.05,0,0,1,1,0.0,0.0,1.0,6.05,5.88076923076923,Neutral
67812ec1514dba6089ed941a,5.54,5.95,5.745,15,12,3,30,0.5,0.4,0.1,6.045,5.877307692307692,Neutral
67812ec1514dba6089ed92da,5.2733333333333325,6.1,5.6866666666666665,16,12,2,30,0.5333333333333333,0.4,0.06666666666666667,6.02,5.859999999999999,Neutral
67812ec1514dba6089ed9423,5.391666666666667,6.0625,5.727083333333333,13,10,1,24,0.5416666666666666,0.4166666666666667,0.041666666666666664,6.01875,5.859134615384615,Neutral
67812ec1514dba6089ed947c,6.5,5.5,6.0,1,1,0,2,0.5,0.5,0.0,6.0,5.846153846153846,Neutral
67812ec1514dba6089ed939c,5.016666666666667,6.25,5.633333333333333,14,10,0,24,0.5833333333333334,0.4166666666666667,0.0,5.966666666666667,5.823076923076924,Neutral
67812ec1514dba6089ed9481,6.4,5.5,5.95,1,1,0,2,0.5,0.5,0.0,5.95,5.811538461538462,Neutral
67812ec1514dba6089ed92f2,7.466666666666666,4.75,6.108333333333333,2,3,1,6,0.3333333333333333,0.5,0.16666666666666666,5.941666666666667,5.805769230769231,Neutral
67812ec1514dba6089ed934c,6.35,5.5,5.925,2,2,0,4,0.5,0.5,0.0,5.925,5.794230769230769,Neutral
67812ec1514dba6089ed9371,6.300000000000001,5.5,5.9,1,1,0,2,0.5,0.5,0.0,5.9,5.776923076923077,Neutral
67812ec1514dba6089ed9383,5.4399999999999995,5.8,5.62,14,12,4,30,0.4666666666666667,0.4,0.13333333333333333,5.886666666666668,5.767692307692308,Neutral
67812ec1514dba6089ed93fd,5.881818181818182,5.5,5.690909090909091,9,9,4,22,0.4090909090909091,0.4090909090909091,0.18181818181818182,5.872727272727273,5.758041958041958,Neutral
67812ec1514dba6089ed9484,4.2,5.5,4.85,0,0,1,1,0.0,0.0,1.0,5.85,5.742307692307692,Neutral
67812ec1514dba6089ed9483,5.222222222222222,6.0,5.611111111111111,5,4,0,9,0.5555555555555556,0.4444444444444444,0.0,5.833333333333332,5.73076923076923,Neutral
67812ec1514dba6089ed9393,6.1,5.5,5.8,1,1,0,2,0.5,0.5,0.0,5.8,5.707692307692307,Neutral
67812ec1514dba6089ed9352,5.3999999999999995,5.5,5.45,1,1,1,3,0.3333333333333333,0.3333333333333333,0.3333333333333333,5.783333333333333,5.696153846153846,Neutral
67812ec1514dba6089ed9467,5.56923076923077,5.5,5.5346153846153845,5,5,3,13,0.38461538461538464,0.38461538461538464,0.23076923076923078,5.765384615384615,5.683727810650888,Neutral
67812ec1514dba6089ed93c3,5.0600000000000005,5.8,5.430000000000001,15,13,2,30,0.5,0.43333333333333335,0.06666666666666667,5.630000000000001,5.590000000000001,Neutral
67812ec1514dba6089ed92d8,5.371428571428572,5.5,5.435714285714285,3,3,1,7,0.42857142857142855,0.42857142857142855,0.14285714285714285,5.578571428571428,5.554395604395604,Neutral
67812ec1514dba6089ed940e,5.460869565217391,5.5,5.480434782608696,11,11,1,23,0.4782608695652174,0.4782608695652174,0.043478260869565216,5.523913043478261,5.516555183946489,Neutral
67812ec1514dba6089ed92d1,5.288888888888889,5.5,5.394444444444444,4,4,1,9,0.4444444444444444,0.4444444444444444,0.1111111111111111,5.505555555555555,5.503846153846153,Neutral
67812ec1514dba6089ed93d6,5.5,5.5,5.5,1,1,0,2,0.5,0.5,0.0,5.5,5.5,Neutral
67812ec1514dba6089ed92ac,5.260000000000001,5.5,5.38,14,14,2,30,0.4666666666666667,0.4666666666666667,0.06666666666666667,5.446666666666666,5.4630769230769225,Neutral
67812ec1514dba6089ed9453,5.333333333333333,5.5,5.416666666666667,3,3,0,6,0.5,0.5,0.0,5.416666666666667,5.4423076923076925,Neutral
67812ec1514dba6089ed93b6,5.9,4.9375,5.41875,3,4,1,8,0.375,0.5,0.125,5.29375,5.357211538461539,Neutral
67812ec1514dba6089ed93dd,5.055555555555555,5.5,5.277777777777778,9,9,0,18,0.5,0.5,0.0,5.277777777777778,5.346153846153846,Neutral
67812ec1514dba6089ed9404,5.8933333333333335,4.9,5.3966666666666665,11,15,4,30,0.36666666666666664,0.5,0.13333333333333333,5.263333333333334,5.336153846153847,Neutral
67812ec1514dba6089ed92af,5.833333333333333,4.75,5.291666666666667,2,3,1,6,0.3333333333333333,0.5,0.16666666666666666,5.125000000000001,5.240384615384616,Neutral
67812ec1514dba6089ed93fb,5.593333333333333,4.9,5.246666666666667,11,15,4,30,0.36666666666666664,0.5,0.13333333333333333,5.113333333333334,5.232307692307693,Neutral
67812ec1514dba6089ed9349,4.6,5.5,5.05,1,1,0,2,0.5,0.5,0.0,5.05,5.188461538461538,Neutral
67812ec1514dba6089ed9499,4.4,5.5,4.95,2,2,0,4,0.5,0.5,0.0,4.95,5.11923076923077,Neutral
67812ec1514dba6089ed93f3,5.180000000000001,4.9,5.04,11,15,4,30,0.36666666666666664,0.5,0.13333333333333333,4.906666666666667,5.0892307692307694,Neutral
67812ec1514dba6089ed943d,5.02,4.9,4.96,11,15,4,30,0.36666666666666664,0.5,0.13333333333333333,4.826666666666667,5.033846153846154,Neutral
67812ec1514dba6089ed9440,4.1,5.5,4.8,1,1,0,2,0.5,0.5,0.0,4.8,5.015384615384615,Neutral
67812ec1514dba6089ed93a2,4.666666666666667,5.05,4.858333333333333,13,16,1,30,0.43333333333333335,0.5333333333333333,0.03333333333333333,4.691666666666666,4.940384615384615,Neutral
67812ec1514dba6089ed92b4,4.88,4.78,4.83,10,14,1,25,0.4,0.56,0.04,4.55,4.842307692307692,Neutral
67812ec1514dba6089ed9428,5.033333333333333,4.5625,4.797916666666667,8,13,3,24,0.3333333333333333,0.5416666666666666,0.125,4.5062500000000005,4.812019230769231,Neutral
67812ec1514dba6089ed93db,4.72,4.75,4.735,11,16,3,30,0.36666666666666664,0.5333333333333333,0.1,4.501666666666667,4.808846153846154,Neutral
67812ec1514dba6089ed93e0,5.12,4.6,4.859999999999999,2,3,0,5,0.4,0.6,0.0,4.459999999999999,4.779999999999999,Neutral
67812ec1514dba6089ed935b,4.513333333333334,4.75,4.631666666666667,11,16,3,30,0.36666666666666664,0.5333333333333333,0.1,4.398333333333333,4.737307692307692,Neutral
67812ec1514dba6089ed9339,4.92,4.6,4.76,4,6,0,10,0.4,0.6,0.0,4.359999999999999,4.71076923076923,Neutral
67812ec1514dba6089ed942e,4.98,4.45,4.715,10,17,3,30,0.3333333333333333,0.5666666666666667,0.1,4.348333333333333,4.702692307692307,Neutral
67812ec1514dba6089ed9478,4.76,4.6,4.68,4,6,0,10,0.4,0.6,0.0,4.279999999999999,4.655384615384615,Neutral
67812ec1514dba6089ed92db,5.8,4.0,4.8999999999999995,1,2,0,3,0.3333333333333333,0.6666666666666666,0.0,4.233333333333333,4.623076923076923,Neutral
67812ec1514dba6089ed938d,4.8533333333333335,4.45,4.651666666666667,11,18,1,30,0.36666666666666664,0.6,0.03333333333333333,4.218333333333334,4.612692307692308,Neutral
67812ec1514dba6089ed9390,4.466666666666667,4.3,4.383333333333334,10,18,2,30,0.3333333333333333,0.6,0.06666666666666667,3.916666666666667,4.403846153846153,Neutral
67812ec1514dba6089ed92f9,4.866666666666666,4.0,4.433333333333334,1,2,0,3,0.3333333333333333,0.6666666666666666,0.0,3.7666666666666675,4.300000000000001,Neutral
67812ec1514dba6089ed938c,4.733333333333333,4.0,4.366666666666666,1,2,0,3,0.3333333333333333,0.6666666666666666,0.0,3.7,4.253846153846155,Neutral
67812ec1514dba6089ed93b8,4.425,3.8125,4.11875,2,5,1,8,0.25,0.625,0.125,3.4937500000000004,4.111057692307693,Neutral
67812ec1514dba6089ed947e,5.550000000000001,3.25,4.4,1,3,0,4,0.25,0.75,0.0,3.4000000000000004,4.046153846153846,Neutral
67812ec1514dba6089ed9308,6.12,2.35,4.235,1,8,1,10,0.1,0.8,0.1,2.935,3.7242307692307692,Negative
67812ec1514dba6089ed940f,3.5933333333333333,3.55,3.5716666666666668,7,20,3,30,0.23333333333333334,0.6666666666666666,0.1,2.8049999999999997,3.634230769230769,Negative
67812ec1514dba6089ed9387,4.0,3.1,3.55,7,23,0,30,0.23333333333333334,0.7666666666666667,0.0,2.4833333333333334,3.411538461538462,Negative
67812ec1514dba6089ed943b,4.113333333333333,2.95,3.5316666666666667,6,23,1,30,0.2,0.7666666666666667,0.03333333333333333,2.4316666666666666,3.3757692307692304,Negative
67812ec1514dba6089ed942b,3.55,3.25,3.4,1,3,0,4,0.25,0.75,0.0,2.4,3.3538461538461535,Negative
67812ec1514dba6089ed93c9,4.266666666666667,2.5,3.383333333333333,0,2,1,3,0.0,0.6666666666666666,0.3333333333333333,2.383333333333333,3.342307692307692,Negative
67812ec1514dba6089ed93e9,3.733333333333333,2.5,3.1166666666666667,0,2,1,3,0.0,0.6666666666666666,0.3333333333333333,2.116666666666667,3.157692307692308,Negative
67812ec1514dba6089ed944a,3.057142857142857,2.9285714285714284,2.992857142857143,1,5,1,7,0.14285714285714285,0.7142857142857143,0.14285714285714285,1.9928571428571427,3.071978021978022,Negative
67812ec1514dba6089ed9472,6.8,1.0,3.9,0,1,0,1,0.0,1.0,0.0,1.9,3.0076923076923077,Negative
67812ec1514dba6089ed93a7,6.8,1.0,3.9,0,1,0,1,0.0,1.0,0.0,1.9,3.0076923076923077,Negative
67812ec1514dba6089ed92ec,6.6,1.0,3.8,0,1,0,1,0.0,1.0,0.0,1.7999999999999998,2.9384615384615387,Negative
67812ec1514dba6089ed92ee,6.0,1.0,3.5,0,1,0,1,0.0,1.0,0.0,1.5,2.730769230769231,Negative
67812ec1514dba6089ed9302,5.8,1.0,3.4,0,1,0,1,0.0,1.0,0.0,1.4,2.6615384615384614,Negative
67812ec1514dba6089ed93ff,1.8266666666666667,2.95,2.3883333333333336,5,22,3,30,0.16666666666666666,0.7333333333333333,0.1,1.3550000000000006,2.6303846153846155,Negative
67812ec1514dba6089ed9400,2.95,2.125,2.5375,0,3,1,4,0.0,0.75,0.25,1.2875,2.5836538461538465,Negative
67812ec1514dba6089ed92f0,1.8333333333333333,2.875,2.3541666666666665,2,9,1,12,0.16666666666666666,0.75,0.08333333333333333,1.2708333333333335,2.5721153846153846,Negative
67812ec1514dba6089ed92e0,5.0,1.0,3.0,0,1,0,1,0.0,1.0,0.0,1.0,2.3846153846153846,Negative
67812ec1514dba6089ed9496,5.0,1.0,3.0,0,1,0,1,0.0,1.0,0.0,1.0,2.3846153846153846,Negative
67812ec1514dba6089ed933e,5.0,1.0,3.0,0,1,0,1,0.0,1.0,0.0,1.0,2.3846153846153846,Negative
67812ec1514dba6089ed9487,4.8,1.0,2.9,0,1,0,1,0.0,1.0,0.0,0.8999999999999999,2.315384615384615,Negative
67812ec1514dba6089ed9304,4.6,1.0,2.8,0,1,0,1,0.0,1.0,0.0,0.7999999999999998,2.246153846153846,Negative
67812ec1514dba6089ed9332,4.2,1.0,2.6,0,1,0,1,0.0,1.0,0.0,0.6000000000000001,2.1076923076923078,Negative
67812ec1514dba6089ed93d2,1.8800000000000001,1.9,1.89,0,4,1,5,0.0,0.8,0.2,0.48999999999999977,2.0315384615384615,Negative
67812ec1514dba6089ed931d,2.4,1.0,1.7000000000000002,0,2,0,2,0.0,1.0,0.0,-0.2999999999999998,1.4846153846153847,Negative
67812ec1514dba6089ed939a,1.9,1.0,1.45,0,4,0,4,0.0,1.0,0.0,-0.55,1.3115384615384615,Negative
67812ec1514dba6089ed933d,1.0,1.0,1.0,0,1,0,1,0.0,1.0,0.0,-1.0,1.0,Negative
67812ec1514dba6089ed9350,1.0,1.0,1.0,0,1,0,1,0.0,1.0,0.0,-1.0,1.0,Negative
67812ec1514dba6089ed948d,1.0,1.0,1.0,0,2,0,2,0.0,1.0,0.0,-1.0,1.0,Negative
67812ec1514dba6089ed9325,1.0,1.0,1.0,0,1,0,1,0.0,1.0,0.0,-1.0,1.0,Negative
67812ec1514dba6089ed9320,1.0,1.0,1.0,0,1,0,1,0.0,1.0,0.0,-1.0,1.0,Negative
67812ec1514dba6089ed92d9,1.0,1.0,1.0,0,1,0,1,0.0,1.0,0.0,-1.0,1.0,Negative
